track,distance,horseOverallTime,runtime_seconds,speed
albany,1828.0,2:12.343,132.343,0.07239770240700218
albany,1832.0,2:11.231,131.231,0.07163264192139737
albany,2242.0,2:51.223,171.223,0.0763706512042819
albany,2243.0,2:51.302,171.302,0.07637182345073562
albany,2247.0,2:52.164,172.164,0.07661949265687583
albany,2252.0,2:51.070,171.07,0.07596358792184725
albany,2258.0,2:45.684,165.684,0.0733764393268379
albany,2265.0,2:44.713,164.713,0.07272097130242826
albany,2643.0,3:20.829,200.829,0.07598524404086265
albany,2648.0,3:21.127,201.127,0.07595430513595167
albany,2683.0,3:13.677,193.677,0.07218673127096534
albany,2690.0,3:17.249,197.249,0.07332676579925651
albany,3078.0,4:00.100,240.1,0.07800519818063678
albany,3113.0,3:57.981,237.981,0.07644747831673626
albion park,1119.0,1:16.053,76.053,0.0679651474530831
albion park,1628.0,2:01.712,121.712,0.07476167076167077
albion park,1660.0,1:51.999,111.999,0.06746927710843373
albion park,2138.0,2:27.481,147.481,0.06898082319925164
albion park,2647.0,3:11.370,191.37,0.0722969399319985
albion park,2680.0,3:07.921,187.921,0.07011977611940298
albion park,3157.0,3:58.343,238.34300000000002,0.07549667405764968
albury,1750.0,2:09.401,129.401,0.07394342857142858
albury,1770.0,2:08.572,128.572,0.07263954802259887
albury,2150.0,2:38.801,158.801,0.07386093023255813
albury,2170.0,2:37.289,157.289,0.07248341013824884
albury,2550.0,3:12.199,192.199,0.07537215686274511
albury,2555.0,3:13.300,193.3,0.07565557729941293
albury,2570.0,3:06.925,186.925,0.07273346303501946
albury,2950.0,4:01.600,241.6,0.08189830508474576
albury,2970.0,3:52.873,232.873,0.07840841750841751
ararat,1790.0,2:08.361,128.361,0.07171005586592179
ararat,2165.0,2:45.156,165.156,0.07628452655889145
ararat,2190.0,2:56.495,176.495,0.08059132420091325
ararat,2195.0,2:37.798,157.798,0.07188974943052392
ararat,2570.0,3:13.231,193.231,0.07518715953307392
ararat,2590.0,3:28.135,208.135,0.08036100386100385
ararat,2975.0,4:04.484,244.484,0.08217949579831933
armidale,1609.0,1:55.821,115.821,0.07198321939092604
armidale,1980.0,2:24.949,144.949,0.07320656565656566
armidale,2360.0,2:54.669,174.66899999999998,0.07401228813559321
bacchus marsh,1750.0,2:16.354,136.35399999999998,0.07791657142857142
bacchus marsh,2140.0,2:45.520,165.52,0.07734579439252337
bacchus marsh,2552.0,3:27.393,207.393,0.08126684952978057
ballarat,1200.0,1:23.092,83.092,0.06924333333333334
ballarat,1609.0,1:53.114,113.114,0.07030080795525172
ballarat,1710.0,1:57.639,117.63900000000001,0.06879473684210527
ballarat,2200.0,2:35.500,155.5,0.07068181818181818
ballarat,2710.0,3:13.377,193.377,0.07135682656826568
bankstown,1305.0,1:38.253,98.253,0.07528965517241379
bankstown,1335.0,1:34.943,94.943,0.07111835205992509
bankstown,1740.0,2:04.834,124.834,0.07174367816091955
bankstown,2140.0,2:34.360,154.36,0.07213084112149533
bankstown,2160.0,2:43.600,163.6,0.07574074074074073
bankstown,2540.0,3:05.668,185.668,0.07309763779527559
bathurst,1195.0,1:23.400,83.4,0.0697907949790795
bathurst,1200.0,1:24.596,84.596,0.07049666666666667
bathurst,1730.0,1:58.939,118.939,0.06875086705202312
bathurst,2130.0,2:36.029,156.029,0.07325305164319248
bathurst,2260.0,2:40.742,160.742,0.07112477876106195
bathurst,2520.0,3:04.400,184.4,0.07317460317460317
bathurst,2535.0,3:07.733,187.733,0.07405641025641026
bathurst,2790.0,3:19.180,199.18,0.07139068100358423
bathurst,2795.0,3:24.294,204.294,0.07309266547406083
beaudesert,1609.0,2:05.800,125.8,0.07818520820385333
benalla,1830.0,2:19.299,139.299,0.07611967213114755
benalla,2280.0,2:58.995,178.995,0.07850657894736843
bendigo,1150.0,1:16.998,76.998,0.06695478260869565
bendigo,1515.0,1:51.173,111.173,0.07338151815181518
bendigo,1609.0,1:53.835,113.83500000000001,0.07074891236793039
bendigo,1650.0,1:51.802,111.80199999999999,0.06775878787878788
bendigo,1965.0,2:21.688,141.688,0.07210585241730279
bendigo,2150.0,2:30.055,150.055,0.06979302325581396
bendigo,2415.0,2:56.215,176.215,0.07296687370600415
bendigo,2650.0,3:09.206,189.206,0.07139849056603773
bendigo,2865.0,3:45.931,225.93099999999998,0.07885898778359511
birchip,1750.0,2:07.991,127.991,0.07313771428571429
birchip,2150.0,2:39.232,159.232,0.07406139534883721
birchip,2550.0,3:19.728,199.728,0.07832470588235295
blayney,1640.0,1:58.730,118.72999999999999,0.07239634146341463
blayney,2000.0,2:27.994,147.994,0.073997
blayney,2400.0,2:58.637,178.637,0.07443208333333333
boort,1900.0,2:19.187,139.187,0.0732563157894737
boort,1950.0,2:33.573,153.573,0.07875538461538462
boort,2250.0,2:46.208,166.208,0.07387022222222223
boort,2600.0,3:23.246,203.246,0.07817153846153846
boort,2612.0,3:15.887,195.887,0.07499502297090352
bridgetown,1784.0,2:08.386,128.386,0.0719652466367713
bridgetown,2190.0,2:41.380,161.38,0.07368949771689498
bridgetown,2544.0,3:13.920,193.92,0.07622641509433961
bridgetown,2597.0,3:10.800,190.8,0.07346938775510205
broken hill,1609.0,1:59.934,119.934,0.07453946550652579
broken hill,1610.0,1:56.460,116.46000000000001,0.07233540372670808
broken hill,1900.0,2:20.806,140.806,0.07410842105263159
broken hill,2210.0,2:47.814,167.814,0.07593393665158371
broken hill,2500.0,3:10.728,190.728,0.0762912
bulli,1609.0,1:59.600,119.6,0.07433188315724051
bulli,1940.0,2:22.000,142.0,0.0731958762886598
bulli,2348.0,2:57.400,177.4,0.07555366269165248
bulli,3086.0,4:09.165,249.165,0.08074044069993519
bunbury,1140.0,1:09.310,69.31,0.06079824561403509
bunbury,1609.0,1:51.570,111.57,0.06934120571783717
bunbury,2030.0,2:31.756,151.756,0.07475665024630541
bunbury,2100.0,2:26.540,146.54,0.06978095238095237
bunbury,2500.0,3:07.105,187.105,0.07484199999999999
bunbury,2503.0,3:06.970,186.97,0.07469836196564122
bunbury,2536.0,3:12.832,192.832,0.0760378548895899
bunbury,2550.0,3:09.380,189.38,0.07426666666666666
bunbury,2568.0,3:17.510,197.51,0.0769119937694704
bunbury,2569.0,3:04.208,184.208,0.0717041650447645
bunbury,2990.0,3:48.150,228.15,0.07630434782608696
burnie,1892.0,2:24.450,144.45,0.07634778012684988
burnie,2180.0,2:42.630,162.63,0.07460091743119265
burnie,2500.0,3:11.100,191.1,0.07644
burnie,2789.0,3:35.420,215.42000000000002,0.07723915381857296
burnie,2798.0,3:36.600,216.6,0.07741243745532524
busselton,2030.0,2:35.203,155.203,0.07645467980295567
busselton,2400.0,3:02.611,182.611,0.07608791666666666
busselton,2680.0,3:26.349,206.349,0.07699589552238806
byford,1750.0,2:07.700,127.7,0.07297142857142858
byford,2150.0,2:39.900,159.9,0.07437209302325581
byford,2550.0,3:18.700,198.7,0.07792156862745098
canberra,1730.0,2:07.300,127.3,0.07358381502890174
canberra,1770.0,2:06.861,126.861,0.07167288135593221
canberra,1900.0,2:25.500,145.5,0.07657894736842105
canberra,2140.0,2:39.300,159.3,0.0744392523364486
canberra,2170.0,2:36.969,156.969,0.07233594470046083
canberra,2540.0,3:09.500,189.5,0.07460629921259843
canberra,2570.0,3:09.140,189.14,0.07359533073929961
carrick,1609.0,1:59.460,119.46000000000001,0.07424487259167185
carrick,1670.0,1:58.369,118.369,0.07087964071856287
carrick,2150.0,2:36.372,156.372,0.07273116279069768
carrick,2650.0,3:18.419,198.419,0.07487509433962265
charlton,1609.0,1:52.837,112.837,0.0701286513362337
charlton,1810.0,2:15.090,135.09,0.0746353591160221
charlton,2100.0,2:30.067,150.067,0.0714604761904762
charlton,2230.0,2:46.375,166.375,0.07460762331838565
charlton,2250.0,2:57.910,177.91,0.0790711111111111
charlton,2570.0,3:06.034,186.034,0.07238677042801556
charlton,2650.0,3:23.628,203.628,0.07684075471698112
cobram,1609.0,1:56.194,116.194,0.07221504039776258
cobram,1670.0,1:57.560,117.56,0.07039520958083832
cobram,2150.0,2:47.817,167.817,0.07805441860465116
cobram,2170.0,2:35.257,155.257,0.07154700460829494
cobram,2618.0,3:17.114,197.114,0.07529182582123758
cobram,2678.0,3:12.354,192.35399999999998,0.07182748319641523
cobram,3158.0,4:02.966,242.966,0.07693666877770741
cobram,3178.0,4:00.793,240.793,0.07576872246696036
collie,1750.0,2:16.280,136.28,0.07787428571428572
collie,2020.0,2:35.300,155.3,0.07688118811881188
collie,2050.0,2:32.630,152.63,0.07445365853658537
collie,2400.0,3:04.796,184.796,0.07699833333333334
collie,2670.0,3:27.447,207.447,0.07769550561797753
collie,2700.0,3:27.090,207.09,0.0767
coolamon,1760.0,2:07.305,127.305,0.07233238636363637
coolamon,2200.0,2:51.200,171.2,0.07781818181818181
coolamon,2210.0,2:40.036,160.036,0.07241447963800905
coolamon,2808.0,3:49.261,229.261,0.08164565527065527
coolamon,3258.0,4:23.215,263.215,0.0807903621853898
cootamundra,1730.0,2:06.127,126.127,0.07290578034682081
cootamundra,2140.0,2:34.605,154.605,0.07224532710280374
cootamundra,2530.0,3:15.545,195.545,0.07729051383399209
cowra,1700.0,2:03.307,123.307,0.0725335294117647
cowra,1707.0,2:09.500,129.5,0.07586408904510837
cowra,2100.0,2:39.482,159.482,0.07594380952380952
cowra,2110.0,2:33.857,153.857,0.07291800947867298
cowra,2160.0,2:38.153,158.153,0.07321898148148148
cowra,2510.0,3:08.925,188.925,0.07526892430278885
cowra,2520.0,3:02.532,182.532,0.07243333333333334
cowra,2950.0,3:46.126,226.126,0.0766528813559322
cowra,2970.0,3:46.057,226.05700000000002,0.07611346801346802
cranbourne,1155.0,1:24.359,84.35900000000001,0.07303809523809525
cranbourne,1609.0,1:53.480,113.47999999999999,0.07052827843380981
cranbourne,1630.0,2:04.921,124.921,0.07663865030674848
cranbourne,2080.0,2:29.376,149.376,0.07181538461538461
cranbourne,2105.0,2:34.840,154.84,0.07355819477434679
cranbourne,2110.0,2:40.482,160.482,0.07605781990521326
cranbourne,2115.0,2:40.633,160.633,0.07594940898345154
cranbourne,2555.0,3:03.470,183.47,0.0718082191780822
cranbourne,2575.0,3:18.462,198.462,0.0770726213592233
cranbourne,2585.0,3:12.424,192.424,0.07443868471953578
cunderdin,1730.0,2:06.630,126.63,0.07319653179190751
cunderdin,2130.0,2:38.750,158.75,0.07453051643192488
cunderdin,2145.0,2:39.960,159.96,0.07457342657342658
cunderdin,2500.0,3:14.400,194.4,0.07776
cunderdin,2530.0,3:16.860,196.86,0.0778102766798419
cunderdin,2540.0,3:13.500,193.5,0.07618110236220473
deagon (grass),1950.0,2:31.670,151.67000000000002,0.07777948717948718
devonport,1910.0,2:23.300,143.3,0.0750261780104712
devonport,1930.0,2:20.900,140.9,0.07300518134715026
devonport,2286.0,2:53.600,173.6,0.07594050743657042
devonport,2297.0,2:49.000,169.0,0.07357422725293862
devonport,2645.0,3:19.161,199.161,0.07529716446124764
devonport,2665.0,3:20.070,200.07,0.07507317073170731
devonport,3020.0,3:48.700,228.7,0.07572847682119205
donald,1950.0,2:27.850,147.85,0.07582051282051282
donald,2400.0,3:02.895,182.895,0.07620625
dubbo,1315.0,1:35.780,95.78,0.07283650190114069
dubbo,1320.0,1:36.079,96.07900000000001,0.07278712121212122
dubbo,1720.0,2:03.064,123.064,0.07154883720930232
dubbo,2100.0,2:48.400,168.4,0.08019047619047619
dubbo,2120.0,2:31.790,151.79,0.07159905660377358
dubbo,2520.0,3:08.570,188.57,0.07482936507936508
dubbo,2525.0,3:03.367,183.367,0.07262059405940594
echuca,1755.0,2:05.190,125.19,0.07133333333333333
echuca,2130.0,2:42.563,162.563,0.0763206572769953
echuca,2160.0,2:36.437,156.437,0.07242453703703704
echuca,2530.0,3:07.879,187.879,0.07426047430830039
echuca,2560.0,3:06.125,186.125,0.072705078125
elmore,1780.0,2:09.711,129.711,0.07287134831460675
elmore,1800.0,2:18.127,138.127,0.07673722222222223
elmore,2180.0,2:40.462,160.462,0.07360642201834862
elmore,2200.0,2:48.082,168.082,0.07640090909090909
elmore,2600.0,3:30.979,210.97899999999998,0.08114576923076923
eugowra,1700.0,2:01.241,121.241,0.07131823529411764
eugowra,2100.0,2:31.704,151.704,0.07224
eugowra,2500.0,3:11.613,191.613,0.0766452
fairfield,1313.0,1:32.900,92.9,0.07075399847677076
fairfield,1713.0,2:04.437,124.437,0.07264273204903678
fairfield,2113.0,2:36.000,156.0,0.07382867960246095
fairfield,2133.0,2:47.315,167.315,0.07844116268166901
fairfield,2513.0,3:13.100,193.1,0.07684042976522085
fairfield,2533.0,3:11.900,191.9,0.07575996841689696
forbes,1680.0,2:00.700,120.7,0.0718452380952381
forbes,2060.0,2:31.190,151.19,0.07339320388349514
forbes,2470.0,3:04.610,184.61,0.07474089068825912
gatton,1850.0,2:21.280,141.28,0.07636756756756757
gawler,1360.0,1:39.900,99.9,0.07345588235294118
gawler,1580.0,1:58.726,118.726,0.07514303797468354
gawler,1590.0,1:55.413,115.413,0.07258679245283019
gawler,1609.0,1:54.457,114.457,0.07113548788067121
gawler,1750.0,2:09.000,129.0,0.07371428571428572
gawler,2070.0,2:27.549,147.549,0.07127971014492754
gawler,2170.0,2:42.100,162.1,0.07470046082949308
gawler,2540.0,3:18.014,198.014,0.07795826771653544
gawler,2550.0,3:03.741,183.741,0.07205529411764706
gawler,2570.0,3:21.400,201.4,0.07836575875486382
gawler,2580.0,3:18.631,198.631,0.07698875968992248
geelong,1140.0,1:19.664,79.664,0.06988070175438596
geelong,1609.0,1:51.852,111.852,0.06951646985705408
geelong,2100.0,2:30.258,150.258,0.07155142857142857
geelong,2570.0,3:03.455,183.455,0.07138326848249028
geraldton,1700.0,2:16.440,136.44,0.08025882352941176
geraldton,1735.0,2:07.867,127.867,0.0736985590778098
geraldton,1750.0,2:11.330,131.33,0.0750457142857143
geraldton,2100.0,2:42.250,162.25,0.07726190476190477
geraldton,2135.0,2:39.310,159.31,0.07461826697892272
geraldton,2150.0,2:42.900,162.9,0.07576744186046512
geraldton,2500.0,3:14.440,194.44,0.077776
geraldton,2535.0,3:13.047,193.047,0.07615266272189349
geraldton,2550.0,3:15.210,195.21,0.07655294117647059
globe derby,1385.0,1:37.215,97.215,0.0701913357400722
globe derby,1800.0,2:05.699,125.699,0.06983277777777777
globe derby,2170.0,nan,,
globe derby,2230.0,2:38.554,158.554,0.07110044843049328
globe derby,2645.0,3:12.049,192.049,0.07260831758034027
gloucester park,900.0,1:01.245,61.245,0.06805
gloucester park,1700.0,1:59.147,119.14699999999999,0.07008647058823529
gloucester park,1730.0,1:59.582,119.582,0.06912254335260115
gloucester park,1740.0,2:04.100,124.1,0.07132183908045976
gloucester park,1742.0,2:03.900,123.9,0.07112514351320322
gloucester park,2096.0,2:33.337,153.337,0.07315696564885496
gloucester park,2100.0,2:28.777,148.777,0.07084619047619047
gloucester park,2102.0,2:36.700,156.7,0.07454804947668886
gloucester park,2130.0,2:28.976,148.976,0.06994178403755869
gloucester park,2140.0,2:34.100,154.1,0.07200934579439253
gloucester park,2143.0,2:35.000,155.0,0.07232851143257116
gloucester park,2500.0,3:08.000,188.0,0.0752
gloucester park,2503.0,3:03.595,183.595,0.07334998002397124
gloucester park,2506.0,2:59.716,179.716,0.07171428571428572
gloucester park,2530.0,3:10.481,190.481,0.07528893280632411
gloucester park,2536.0,2:59.690,179.69,0.07085567823343848
gloucester park,2544.0,3:06.700,186.7,0.0733883647798742
gloucester park,2548.0,3:06.300,186.3,0.07311616954474098
gloucester park,2900.0,3:38.500,218.5,0.07534482758620689
gloucester park,2902.0,3:36.091,216.091,0.07446278428669884
gloucester park,2903.0,3:52.417,232.417,0.08006097140888736
gloucester park,2906.0,3:30.359,210.359,0.07238781830695114
gloucester park,2907.0,3:37.600,217.6,0.07485380116959064
gloucester park,2936.0,3:31.037,211.037,0.07187908719346049
gloucester park,3309.0,4:08.434,248.434,0.07507827138108189
gold coast,166.0,nan,,
gold coast,182.0,nan,,
gold coast,1100.0,1:18.128,78.128,0.07102545454545454
gold coast,1609.0,1:52.956,112.956,0.07020261031696706
gold coast,2100.0,2:29.888,149.888,0.0713752380952381
gold coast,2609.0,3:09.075,189.075,0.07247029513223457
gold coast,3100.0,4:00.427,240.427,0.07755709677419355
goulburn,1710.0,1:59.553,119.553,0.0699140350877193
goulburn,2240.0,2:38.666,158.666,0.07083303571428572
goulburn,2760.0,3:19.515,199.515,0.07228804347826086
griffith,1750.0,2:06.401,126.401,0.07222914285714285
griffith,2150.0,2:38.575,158.575,0.07375581395348836
gunbower,1390.0,1:38.184,98.184,0.07063597122302158
gunbower,2030.0,2:24.575,144.575,0.0712192118226601
gunbower,2630.0,3:10.282,190.282,0.07235057034220532
gympie,1500.0,2:01.940,121.94,0.08129333333333333
gympie,1609.0,2:15.500,135.5,0.08421379738968303
gympie,1850.0,2:30.476,150.476,0.08133837837837837
gympie,1950.0,2:35.110,155.11,0.07954358974358976
hamilton,1660.0,1:54.112,114.112,0.06874216867469879
hamilton,1795.0,2:14.523,134.523,0.07494317548746518
hamilton,2160.0,2:32.745,152.745,0.07071527777777778
hamilton,2180.0,2:50.404,170.404,0.07816697247706422
hamilton,2210.0,2:46.264,166.264,0.07523257918552037
hamilton,2580.0,3:17.796,197.796,0.07666511627906976
hamilton,2660.0,3:10.352,190.352,0.0715609022556391
harold park,1760.0,2:05.000,125.0,0.07102272727272728
harold park,2160.0,2:36.500,156.5,0.0724537037037037
harold park,2565.0,3:09.369,189.369,0.07382807017543859
harold park,2965.0,3:50.100,230.1,0.07760539629005059
harold park,3370.0,4:22.586,262.586,0.0779186943620178
harvey,1735.0,2:08.260,128.26,0.0739250720461095
harvey,1750.0,2:04.912,124.912,0.07137828571428571
harvey,2100.0,2:36.646,156.64600000000002,0.07459333333333334
harvey,2135.0,2:40.460,160.46,0.0751569086651054
harvey,2150.0,2:35.013,155.013,0.07209906976744186
harvey,2500.0,3:10.370,190.37,0.07614800000000001
harvey,2535.0,3:11.420,191.42,0.07551084812623274
harvey,2550.0,3:03.348,183.348,0.07190117647058825
hobart,1120.0,1:17.522,77.52199999999999,0.06921607142857142
hobart,1140.0,1:17.950,77.95,0.06837719298245615
hobart,1609.0,1:54.079,114.07900000000001,0.0709005593536358
hobart,2000.0,2:54.694,174.69400000000002,0.08734700000000001
hobart,2090.0,2:29.800,149.8,0.07167464114832536
hobart,2400.0,3:15.006,195.006,0.0812525
hobart,2579.0,3:08.271,188.27100000000002,0.07300155098875534
hobart,3060.0,3:52.700,232.7,0.07604575163398693
hobart s,1609.0,1:59.800,119.8,0.07445618396519577
hobart s,2000.0,2:29.900,149.9,0.07495
hobart s,2360.0,2:58.800,178.8,0.07576271186440678
hobart s,2750.0,3:29.100,209.1,0.07603636363636364
horsham,1200.0,1:23.260,83.26,0.06938333333333334
horsham,1609.0,1:54.650,114.65,0.07125543816034804
horsham,1700.0,1:59.350,119.35,0.07020588235294117
horsham,2200.0,2:36.613,156.613,0.07118772727272728
horsham,2700.0,3:14.118,194.118,0.07189555555555556
inverell,1639.0,2:03.089,123.089,0.07510006101281269
inverell,2000.0,2:29.500,149.5,0.07475
inverell,2069.0,2:35.500,155.5,0.07515708071532141
inverell,2070.0,2:35.400,155.4,0.07507246376811594
junee,1760.0,2:06.857,126.857,0.0720778409090909
junee,2170.0,2:37.742,157.742,0.0726921658986175
junee,2510.0,3:14.490,194.49,0.07748605577689244
kadina,2064.0,2:43.100,163.1,0.07902131782945736
kadina,2376.0,3:09.300,189.3,0.07967171717171717
kalgoorlie,1750.0,2:05.252,125.252,0.07157257142857143
kalgoorlie,2118.0,2:40.414,160.414,0.07573843248347498
kalgoorlie,2150.0,2:36.140,156.14,0.07262325581395349
kalgoorlie,2518.0,3:08.939,188.939,0.07503534551231135
kalgoorlie,2550.0,3:06.812,186.812,0.07325960784313726
kalgoorlie,2918.0,3:44.920,224.92000000000002,0.07708019191226868
kapunda,900.0,1:08.087,68.087,0.07565222222222223
kapunda,980.0,1:07.099,67.099,0.06846836734693879
kapunda,1400.0,1:38.472,98.47200000000001,0.07033714285714286
kapunda,1800.0,2:08.866,128.86599999999999,0.07159222222222221
kapunda,2200.0,2:42.531,162.531,0.07387772727272728
kapunda,2220.0,2:39.822,159.822,0.0719918918918919
kapunda,2600.0,3:26.400,206.4,0.07938461538461539
kapunda,2610.0,3:12.523,192.523,0.07376360153256704
kapunda,3430.0,4:39.214,279.214,0.08140349854227405
kellerb,1730.0,2:08.600,128.6,0.07433526011560693
kellerb,2100.0,2:44.680,164.68,0.07841904761904762
kellerb,2130.0,2:40.480,160.48,0.07534272300469483
kellerb,2500.0,3:15.420,195.42,0.078168
kellerb,2530.0,3:10.760,190.76,0.075399209486166
kellerberrin,1730.0,2:04.766,124.766,0.07211907514450867
kellerberrin,2100.0,2:38.696,158.696,0.07556952380952381
kellerberrin,2130.0,2:34.469,154.469,0.0725206572769953
kellerberrin,2500.0,3:10.370,190.37,0.07614800000000001
kellerberrin,2530.0,3:06.475,186.475,0.07370553359683794
kilcoy,1600.0,2:21.125,141.125,0.088203125
kilcoy,1800.0,2:21.540,141.54,0.07863333333333333
kilcoy,1820.0,2:18.011,138.011,0.07583021978021978
kilcoy,1850.0,2:20.447,140.447,0.07591729729729729
kilmore,1180.0,1:21.289,81.289,0.06888898305084745
kilmore,1660.0,2:07.202,127.202,0.0766277108433735
kilmore,1690.0,1:58.872,118.872,0.07033846153846154
kilmore,2150.0,2:40.817,160.817,0.0747986046511628
kilmore,2180.0,2:34.647,154.647,0.07093899082568807
kilmore,2660.0,3:20.029,200.029,0.07519887218045113
kilmore,2690.0,3:13.965,193.965,0.07210594795539034
kilmore,3150.0,3:55.464,235.464,0.07475047619047619
kimba,1920.0,2:29.700,149.7,0.07796874999999999
kimba,2320.0,3:06.700,186.7,0.08047413793103447
kimba,2360.0,3:12.800,192.8,0.08169491525423729
king island,1609.0,2:06.100,126.1,0.0783716594157862
king island,1613.0,2:13.050,133.05,0.08248605083694979
king island,1680.0,2:14.490,134.49,0.08005357142857143
king island,1690.0,2:13.450,133.45,0.07896449704142011
king island,1735.0,2:22.400,142.4,0.08207492795389049
king island,1750.0,2:22.400,142.4,0.08137142857142858
king island,2000.0,2:52.650,172.65,0.086325
king island,2079.0,2:48.150,168.15,0.08088023088023089
king island,2109.0,2:47.800,167.8,0.07956377430061641
king island,2130.0,2:51.000,171.0,0.08028169014084507
king island,2150.0,2:51.100,171.1,0.07958139534883721
king island,2428.0,3:19.000,199.0,0.08196046128500824
king island,2438.0,3:20.150,200.15,0.08209598031173093
king island,3300.0,4:41.150,281.15,0.08519696969696969
launceston,1609.0,2:05.500,125.5,0.07799875699192045
launceston,1680.0,1:58.674,118.674,0.07063928571428572
launceston,2200.0,2:37.902,157.902,0.07177363636363636
launceston,2698.0,3:18.516,198.516,0.07357894736842105
launceston,3218.0,4:17.900,257.9,0.08014294592914853
leeton,1300.0,1:34.361,94.36099999999999,0.07258538461538461
leeton,1310.0,1:34.781,94.781,0.07235190839694657
leeton,1317.0,1:37.000,97.0,0.07365223993925589
leeton,1758.0,2:04.175,124.175,0.07063424345847553
leeton,2147.0,2:34.956,154.95600000000002,0.07217326502095948
leeton,2558.0,3:16.500,196.5,0.07681782642689601
leeton,2582.0,3:07.267,187.267,0.0725278853601859
lithgow,1609.0,2:03.100,123.1,0.07650714729645743
lithgow,1980.0,2:28.600,148.6,0.07505050505050505
lithgow,2363.0,3:00.400,180.4,0.07634363097757088
mackay,1320.0,1:37.800,97.8,0.07409090909090908
mackay,1740.0,2:08.200,128.2,0.07367816091954023
mackay,2160.0,2:39.700,159.7,0.07393518518518517
mackay,2580.0,3:13.200,193.2,0.07488372093023256
mackay,3000.0,3:53.900,233.9,0.07796666666666667
maitland,1646.0,1:58.100,118.1,0.07174969623329283
maitland,1656.0,2:03.400,123.4,0.07451690821256039
maitland,2044.0,2:26.500,146.5,0.07167318982387476
maitland,2054.0,2:32.630,152.63,0.07430866601752678
maitland,2422.0,2:55.264,175.264,0.07236333608587944
maitland,2432.0,3:04.720,184.72,0.07595394736842105
maitland,2834.0,3:41.530,221.53,0.07816866619618913
marburg,1500.0,1:51.740,111.74000000000001,0.07449333333333334
marburg,1850.0,2:12.652,132.652,0.07170378378378378
marburg,2200.0,2:41.606,161.606,0.07345727272727272
marburg,2550.0,3:29.820,209.82,0.08228235294117647
marburg,2900.0,3:38.873,218.873,0.07547344827586207
maryborough,1609.0,1:54.568,114.568,0.07120447482908639
maryborough,1690.0,1:58.084,118.084,0.06987218934911243
maryborough,1912.0,nan,,
maryborough,2190.0,2:34.213,154.213,0.07041689497716895
maryborough,2690.0,3:12.842,192.842,0.07168847583643123
maryborough (qld),1912.0,2:22.602,142.602,0.0745826359832636
melton,1200.0,1:20.610,80.61,0.067175
melton,1720.0,1:56.030,116.03,0.0674593023255814
melton,2240.0,2:34.601,154.601,0.06901830357142857
melton,2760.0,3:11.846,191.846,0.06950942028985507
melton,3280.0,3:59.134,239.13400000000001,0.07290670731707317
menangle,1000.0,1:05.100,65.1,0.06509999999999999
menangle,1609.0,1:46.948,106.94800000000001,0.0664686140459913
menangle,2300.0,2:37.864,157.864,0.06863652173913044
menangle,2400.0,2:46.293,166.293,0.06928875
menangle,3009.0,3:35.974,215.974,0.07177600531738118
mildura,1380.0,1:40.486,100.48599999999999,0.0728159420289855
mildura,1790.0,2:07.018,127.018,0.07095977653631284
mildura,2190.0,2:36.690,156.69,0.07154794520547945
mildura,2600.0,3:08.570,188.57,0.07252692307692307
moonee valley,1130.0,1:19.630,79.63,0.07046902654867256
moonee valley,1135.0,1:18.641,78.64099999999999,0.06928722466960352
moonee valley,1609.0,1:53.982,113.982,0.0708402734617775
moonee valley,2090.0,2:33.085,153.085,0.07324641148325359
moonee valley,2100.0,2:30.593,150.593,0.07171095238095238
moonee valley,2570.0,3:08.711,188.711,0.0734284046692607
moonee valley,2575.0,3:05.350,185.35,0.07198058252427184
moonee valley,3050.0,3:52.503,232.503,0.07623049180327868
moonee valley,3065.0,3:48.033,228.03300000000002,0.07439902120717781
mooroopna,1750.0,2:13.869,133.869,0.07649657142857143
mooroopna,2150.0,2:46.039,166.039,0.07722744186046511
mooroopna,2550.0,3:34.695,214.695,0.08419411764705882
mount gambier,1385.0,1:38.732,98.732,0.07128664259927797
mount gambier,1780.0,2:09.073,129.073,0.07251292134831461
mount gambier,1790.0,2:08.256,128.256,0.0716513966480447
mount gambier,2190.0,2:39.785,159.785,0.07296118721461187
mount gambier,2580.0,3:16.102,196.102,0.07600852713178295
mount gambier,2590.0,3:14.379,194.379,0.07504980694980695
muswellbrook,1770.0,2:10.508,130.508,0.07373333333333335
muswellbrook,2170.0,2:42.165,162.165,0.07473041474654378
narrabri,1760.0,2:08.238,128.238,0.0728625
narrabri,2160.0,2:39.300,159.3,0.07375000000000001
narrabri,2560.0,3:10.144,190.144,0.07427500000000001
narrogin,1795.0,2:20.210,140.21,0.07811142061281337
narrogin,1823.0,2:10.519,130.519,0.0715957213384531
narrogin,1842.0,2:14.740,134.74,0.07314875135722042
narrogin,2100.0,2:50.070,170.07,0.08098571428571429
narrogin,2223.0,2:49.707,169.707,0.07634143049932524
narrogin,2230.0,2:50.310,170.31,0.07637219730941704
narrogin,2242.0,2:42.275,162.275,0.07237957181088314
narrogin,2262.0,2:49.120,169.12,0.0747656940760389
narrogin,2620.0,3:21.880,201.88,0.07705343511450381
narrogin,2636.0,3:19.300,199.3,0.07560698027314113
narrogin,2648.0,3:24.610,204.61,0.07726963746223565
narrogin,2662.0,3:14.023,194.023,0.0728861758076634
narrogin,2682.0,3:28.445,208.445,0.07771998508575689
narrogin,2685.0,3:23.370,203.37,0.07574301675977654
new norfolk,1700.0,2:10.100,130.1,0.07652941176470587
new norfolk,1730.0,2:13.300,133.3,0.07705202312138729
new norfolk,1750.0,2:10.700,130.7,0.07468571428571429
new norfolk,1780.0,2:12.000,132.0,0.07415730337078652
new norfolk,2100.0,2:40.800,160.8,0.07657142857142858
new norfolk,2125.0,2:39.200,159.2,0.07491764705882352
new norfolk,2150.0,2:41.200,161.2,0.07497674418604651
new norfolk,2160.0,2:41.000,161.0,0.07453703703703704
new norfolk,2500.0,3:17.700,197.7,0.07908
new norfolk,2535.0,3:21.600,201.6,0.07952662721893491
new norfolk,2550.0,3:15.000,195.0,0.07647058823529412
new norfolk,2580.0,3:18.600,198.6,0.07697674418604651
new norfolk,2900.0,3:47.800,227.8,0.07855172413793104
new norfolk,2950.0,3:48.100,228.1,0.07732203389830508
newcastle,1100.0,1:16.356,76.356,0.06941454545454545
newcastle,1609.0,1:49.031,109.031,0.06776320696084524
newcastle,2030.0,2:20.589,140.589,0.06925566502463054
newcastle,2550.0,3:02.405,182.405,0.0715313725490196
newcastle,2970.0,3:44.300,224.3,0.07552188552188553
northam,1750.0,2:14.200,134.2,0.07668571428571427
northam,1780.0,2:06.396,126.396,0.07100898876404495
northam,1790.0,2:12.070,132.07,0.07378212290502793
northam,1795.0,2:10.900,130.9,0.07292479108635098
northam,2150.0,2:39.979,159.97899999999998,0.07440883720930232
northam,2170.0,2:41.900,161.9,0.07460829493087558
northam,2180.0,2:44.810,164.81,0.07560091743119267
northam,2190.0,2:38.013,158.013,0.07215205479452055
northam,2205.0,2:41.600,161.6,0.07328798185941043
northam,2503.0,3:22.000,202.0,0.08070315621254495
northam,2560.0,3:10.037,190.037,0.07423320312500001
northam,2605.0,3:15.270,195.27,0.07495969289827256
northam,2620.0,3:11.806,191.806,0.07320839694656489
northam,2970.0,3:44.085,224.085,0.07544949494949495
nyah,1765.0,2:09.469,129.469,0.07335354107648726
nyah,2170.0,2:39.692,159.692,0.07359078341013825
nyah,2570.0,3:14.478,194.478,0.07567237354085603
orange,1527.0,1:53.100,113.1,0.07406679764243615
orange,1880.0,2:19.087,139.087,0.07398244680851063
orange,2240.0,2:44.822,164.822,0.07358125
orange racecourse,1609.0,1:55.221,115.221,0.07161031696706029
ouyen,1650.0,2:02.367,122.367,0.07416181818181819
ouyen,1654.0,1:59.646,119.646,0.07233736396614268
ouyen,2035.0,2:31.267,151.267,0.07433267813267813
ouyen,2040.0,2:29.062,149.062,0.07306960784313726
ouyen,2415.0,3:03.600,183.6,0.07602484472049689
ouyen,2423.0,2:54.705,174.70499999999998,0.07210276516714816
ouyen,2800.0,3:35.955,215.95499999999998,0.0771267857142857
ouyen,2809.0,3:30.259,210.25900000000001,0.07485190459238164
parkes,1660.0,1:58.981,118.981,0.07167530120481927
parkes,2040.0,2:28.752,148.752,0.07291764705882353
parkes,2430.0,3:01.408,181.408,0.07465349794238682
parkes,2807.0,3:27.887,207.887,0.07406020662629141
peak hill,1800.0,2:08.887,128.887,0.07160388888888888
peak hill,2250.0,2:45.873,165.873,0.07372133333333333
penrith,1295.0,1:33.870,93.87,0.07248648648648649
penrith,1720.0,2:00.344,120.344,0.06996744186046511
penrith,1740.0,2:08.663,128.663,0.07394425287356322
penrith,2095.0,2:33.700,153.7,0.07336515513126492
penrith,2120.0,2:46.227,166.227,0.07840896226415095
penrith,2125.0,2:31.636,151.636,0.07135811764705882
penrith,2135.0,2:36.898,156.898,0.07348852459016393
penrith,2525.0,2:59.322,179.322,0.07101861386138614
pinjarra,1170.0,1:23.590,83.59,0.07144444444444445
pinjarra,1177.0,1:20.067,80.06700000000001,0.06802633814783349
pinjarra,1631.0,2:06.813,126.813,0.07775168608215818
pinjarra,1670.0,1:56.919,116.919,0.07001137724550897
pinjarra,1684.0,1:55.013,115.013,0.06829750593824228
pinjarra,2100.0,2:34.100,154.1,0.07338095238095238
pinjarra,2116.0,2:33.713,153.713,0.07264319470699433
pinjarra,2118.0,2:37.473,157.473,0.07434985835694051
pinjarra,2130.0,2:44.944,164.94400000000002,0.07743849765258216
pinjarra,2170.0,2:36.362,156.362,0.07205622119815668
pinjarra,2184.0,2:42.181,162.18099999999998,0.07425869963369963
pinjarra,2185.0,2:35.530,155.53,0.07118077803203661
pinjarra,2609.0,3:12.477,192.477,0.07377424300498275
pinjarra,2631.0,3:10.393,190.393,0.0723652603572786
pinjarra,2636.0,3:14.900,194.9,0.07393778452200303
pinjarra,2670.0,3:12.920,192.92,0.07225468164794006
pinjarra,2692.0,3:11.891,191.891,0.07128194650817236
port pirie,1100.0,1:16.615,76.615,0.06964999999999999
port pirie,1609.0,1:53.286,113.286,0.07040770665009323
port pirie,1613.0,1:57.600,117.6,0.07290762554246745
port pirie,2050.0,2:26.290,146.29,0.0713609756097561
port pirie,2054.0,2:31.000,151.0,0.07351509250243428
port pirie,2059.0,2:35.900,155.9,0.07571636716852842
port pirie,2530.0,3:06.121,186.121,0.07356561264822135
port pirie,2534.0,3:16.100,196.1,0.07738752959747434
port pirie,2550.0,3:13.617,193.617,0.07592823529411764
redcliffe,947.0,1:03.462,63.462,0.06701372756071806
redcliffe,1207.0,1:25.771,85.771,0.07106130903065451
redcliffe,1780.0,2:05.133,125.133,0.07029943820224718
redcliffe,2040.0,2:25.007,145.007,0.07108186274509805
redcliffe,2280.0,2:40.695,160.695,0.07048026315789474
redcliffe,2613.0,3:12.515,192.515,0.0736758515116724
riverina paceway,1740.0,1:58.628,118.628,0.06817701149425287
riverina paceway,2270.0,2:38.310,158.31,0.06974008810572688
robinvale,1880.0,2:22.526,142.526,0.07581170212765959
robinvale,2250.0,2:52.017,172.017,0.07645199999999999
robinvale,2598.0,3:28.103,208.103,0.08010123171670516
rockhampton,1734.0,2:07.277,127.277,0.07340080738177623
rockhampton,2123.0,2:38.025,158.025,0.07443476212906265
rockhampton,2134.0,2:43.253,163.253,0.07650093720712277
rockhampton,2534.0,3:15.470,195.47,0.07713891081294397
rocklea,1698.0,2:09.605,129.605,0.07632803297997644
rocklea,1969.0,2:30.400,150.4,0.07638395124428644
rocklea,2244.0,2:52.930,172.93,0.07706327985739751
rocklea,2510.0,3:17.864,197.864,0.07883027888446216
rocklea,2513.0,3:16.020,196.02,0.0780023875845603
scottsdale,1955.0,2:26.800,146.8,0.07508951406649617
scottsdale,2692.0,3:24.600,204.6,0.07600297176820207
shepparton,1190.0,1:22.259,82.259,0.06912521008403362
shepparton,1609.0,1:56.059,116.059,0.0721311373523928
shepparton,1670.0,1:59.429,119.429,0.07151437125748503
shepparton,1690.0,1:57.500,117.5,0.0695266272189349
shepparton,1890.0,2:20.450,140.45,0.0743121693121693
shepparton,2170.0,2:35.918,155.918,0.07185161290322581
shepparton,2190.0,2:32.758,152.758,0.06975251141552512
shepparton,2280.0,2:57.609,177.609,0.07789868421052631
shepparton,2310.0,2:57.015,177.015,0.07662987012987012
shepparton,2670.0,3:15.191,195.191,0.07310524344569289
shepparton,2690.0,3:13.302,193.302,0.07185947955390334
shepparton,2710.0,3:36.797,216.797,0.07999889298892988
shepparton,2740.0,3:28.415,208.415,0.07606386861313869
south australia,1100.0,1:16.405,76.405,0.06945909090909091
south australia,1609.0,1:53.931,113.931,0.0708085767557489
south australia,1780.0,2:07.010,127.01,0.07135393258426967
south australia,2050.0,2:29.521,149.52100000000002,0.07293707317073171
south australia,2190.0,2:40.912,160.912,0.073475799086758
south australia,2530.0,3:11.221,191.221,0.07558142292490119
south australia,2580.0,3:25.290,205.29,0.07956976744186046
south australia,2590.0,3:18.300,198.3,0.07656370656370656
spreyton,1700.0,2:13.900,133.9,0.07876470588235295
spreyton,1865.0,2:31.100,151.1,0.08101876675603217
st arnaud,1740.0,2:08.036,128.036,0.07358390804597702
st arnaud,2110.0,2:42.353,162.353,0.07694454976303318
st arnaud,2120.0,2:45.196,165.196,0.07792264150943397
st arnaud,2140.0,2:39.930,159.93,0.07473364485981308
st arnaud,2150.0,2:36.281,156.281,0.07268883720930233
st arnaud,2510.0,3:12.066,192.066,0.07652031872509961
st arnaud,2520.0,3:10.405,190.405,0.07555753968253968
st marys,1650.0,2:09.700,129.7,0.0786060606060606
st marys,1800.0,2:18.460,138.46,0.07692222222222223
st marys,1810.0,2:13.680,133.68,0.07385635359116023
st marys,2010.0,2:38.600,158.6,0.07890547263681592
st marys,2400.0,3:08.270,188.27,0.07844583333333334
st marys,2685.0,3:23.000,203.0,0.07560521415270019
stawell,1780.0,2:08.508,128.508,0.07219550561797754
stawell,1785.0,2:07.792,127.792,0.0715921568627451
stawell,2175.0,2:39.493,159.493,0.07333011494252874
stawell,2180.0,2:37.562,157.562,0.07227614678899083
stawell,2590.0,3:11.434,191.434,0.07391274131274131
stawell,2600.0,3:09.895,189.895,0.07303653846153847
strathalbyn,1305.0,1:35.177,95.17699999999999,0.07293256704980842
strathalbyn,1710.0,2:05.191,125.191,0.07321111111111112
strathalbyn,2110.0,2:35.372,155.372,0.07363601895734598
strathalbyn,2510.0,3:08.853,188.853,0.07524023904382471
swan hill,1200.0,1:23.453,83.453,0.06954416666666667
swan hill,1609.0,1:52.304,112.304,0.06979738968303294
swan hill,1750.0,2:02.321,122.321,0.06989771428571429
swan hill,2240.0,2:40.875,160.875,0.07181919642857143
swan hill,2790.0,3:21.346,201.346,0.07216702508960574
tamworth,1230.0,1:25.758,85.758,0.06972195121951219
tamworth,1609.0,1:53.850,113.85,0.07075823492852704
tamworth,1980.0,2:22.416,142.416,0.07192727272727273
tamworth,2360.0,2:51.810,171.81,0.07280084745762712
tamworth,2730.0,3:25.702,205.702,0.07534871794871795
tamworth,3110.0,4:00.770,240.77,0.07741800643086817
temora,1609.0,1:57.470,117.47,0.07300807955251709
temora,1635.0,1:58.382,118.382,0.07240489296636086
temora,2000.0,2:27.755,147.755,0.0738775
temora,2360.0,2:56.648,176.648,0.07485084745762711
temora,2386.0,2:56.112,176.112,0.07381056160938809
terang,1680.0,1:57.513,117.513,0.0699482142857143
terang,2180.0,2:35.718,155.71800000000002,0.07143027522935781
terang,2680.0,3:13.106,193.106,0.0720544776119403
toowoomba,1660.0,2:03.330,123.33,0.07429518072289157
toowoomba,1800.0,2:21.632,141.632,0.07868444444444445
toowoomba,2060.0,2:40.410,160.41,0.07786893203883495
toowoomba showground,1609.0,2:07.900,127.9,0.07949036668738348
toowoomba showground,2209.0,2:56.810,176.81,0.08004074241738343
townsville,1609.0,2:02.960,122.96,0.07642013673088875
townsville,1915.0,2:32.970,152.97,0.0798798955613577
townsville,2206.0,2:50.190,170.19,0.07714868540344515
tweed heads,1644.0,2:05.100,125.1,0.0760948905109489
tweed heads,2073.0,2:35.500,155.5,0.07501205981669079
victor harbor,1609.0,1:57.100,117.1,0.07277812305779988
victor harbor,1660.0,1:59.284,119.28399999999999,0.0718578313253012
victor harbor,2160.0,2:35.807,155.80700000000002,0.07213287037037037
victor harbor,2660.0,3:19.661,199.661,0.07506052631578948
wagga,1360.0,1:36.814,96.814,0.07118676470588235
wagga,1365.0,1:36.150,96.15,0.07043956043956044
wagga,1755.0,2:06.050,126.05,0.07182336182336183
wagga,2160.0,2:46.924,166.924,0.07727962962962963
wagga,2165.0,2:37.161,157.161,0.07259168591224019
wagga,2565.0,3:16.429,196.429,0.07658050682261208
wagga,2575.0,3:07.800,187.8,0.07293203883495146
wagin,1776.0,2:09.023,129.023,0.07264808558558558
wagin,1795.0,2:12.780,132.78,0.07397214484679666
wagin,2165.0,2:48.890,168.89,0.07800923787528868
wagin,2180.0,2:39.767,159.767,0.07328761467889908
wagin,2195.0,2:43.160,163.16,0.07433257403189066
wagin,2530.0,3:15.330,195.33,0.07720553359683795
wagin,2540.0,3:14.974,194.974,0.07676141732283465
wagin,2550.0,3:21.620,201.62,0.07906666666666667
wagin,2590.0,3:12.960,192.96,0.0745019305019305
wangaratta,1800.0,2:11.029,131.029,0.07279388888888888
wangaratta,2210.0,2:41.893,161.893,0.07325475113122172
wangaratta,2615.0,3:22.008,202.008,0.07724971319311665
wanneroo,1700.0,2:06.920,126.92,0.07465882352941176
wanneroo,2100.0,2:39.800,159.8,0.0760952380952381
wanneroo,2470.0,3:14.990,194.99,0.07894331983805668
warragul,1785.0,2:10.234,130.234,0.07296022408963586
warragul,1790.0,2:07.537,127.537,0.07124972067039106
warragul,2205.0,2:41.520,161.52,0.07325170068027212
warragul,2210.0,2:37.227,157.227,0.07114343891402715
warragul,2620.0,3:14.508,194.508,0.07423969465648855
warragul,2627.0,3:10.775,190.775,0.07262086029691664
warrnambool,1700.0,2:12.707,132.707,0.07806294117647058
warrnambool,2100.0,2:41.146,161.14600000000002,0.07673619047619049
warrnambool,2500.0,3:17.738,197.738,0.0790952
warwick,1200.0,1:30.076,90.076,0.07506333333333333
warwick,1350.0,1:41.250,101.25,0.075
warwick,1500.0,1:56.945,116.945,0.07796333333333333
warwick,1950.0,2:26.694,146.694,0.0752276923076923
warwick,2950.0,4:26.739,266.739,0.09041999999999999
wayville,2140.0,2:47.278,167.278,0.07816728971962617
wayville,2380.0,3:10.414,190.414,0.08000588235294118
wayville,2653.0,3:39.079,219.079,0.0825778364116095
wedderburn,1740.0,2:07.696,127.696,0.07338850574712644
wedderburn,1750.0,2:05.780,125.78,0.07187428571428571
wedderburn,2140.0,2:39.998,159.998,0.07476542056074766
wedderburn,2150.0,2:36.198,156.198,0.07265023255813954
wedderburn,2540.0,3:15.185,195.185,0.07684448818897638
wedderburn,2555.0,3:05.747,185.747,0.07269941291585127
wedderburn,2955.0,3:51.500,231.5,0.07834179357021996
west wyalong,1700.0,2:05.800,125.8,0.074
west wyalong,1740.0,2:05.106,125.106,0.07189999999999999
west wyalong,2100.0,2:38.100,158.1,0.07528571428571429
west wyalong,2140.0,2:35.703,155.703,0.07275841121495327
west wyalong,2500.0,3:10.000,190.0,0.076
west wyalong,2540.0,3:07.423,187.423,0.07378858267716536
whyalla,1000.0,1:16.700,76.7,0.0767
whyalla,1920.0,2:22.589,142.589,0.07426510416666667
whyalla,2320.0,2:51.188,171.188,0.07378793103448275
whyalla,2323.0,2:59.232,179.232,0.07715540249677141
whyalla,2360.0,2:54.315,174.315,0.07386228813559322
williams,1936.0,2:28.650,148.65,0.07678202479338843
williams,1939.0,2:21.650,141.65,0.07305312016503353
williams,2272.0,2:53.138,173.138,0.07620510563380282
williams,2277.0,2:46.960,166.96,0.07332454984628899
williams,2666.0,3:18.470,198.47,0.07444486121530383
williams,2667.0,3:24.890,204.89,0.07682414698162729
wyong,1710.0,2:11.270,131.27,0.07676608187134504
wyong,2180.0,2:46.210,166.21,0.07624311926605505
yarra valley,1650.0,1:55.941,115.941,0.07026727272727273
yarra valley,2150.0,2:34.501,154.501,0.07186093023255814
yarra valley,2180.0,2:50.668,170.668,0.07828807339449542
yarra valley,2210.0,2:46.954,166.954,0.0755447963800905
yarra valley,2590.0,3:20.559,200.559,0.07743590733590734
yarra valley,2650.0,3:09.978,189.978,0.07168981132075472
york,2080.0,2:40.040,160.04,0.07694230769230768
york,2410.0,3:05.430,185.43,0.07694190871369296
york,2750.0,3:33.920,213.92000000000002,0.07778909090909092
young,1700.0,2:03.014,123.014,0.07236117647058823
young,1710.0,2:02.696,122.696,0.07175204678362573
young,1720.0,2:02.640,122.64,0.07130232558139535
young,1770.0,2:08.299,128.299,0.07248531073446328
young,2100.0,2:32.170,152.17000000000002,0.07246190476190477
young,2400.0,3:14.855,194.855,0.08118958333333333
young,2480.0,3:00.329,180.329,0.0727133064516129
young,2887.0,3:35.645,215.645,0.0746951853134742
